^IXIC,
AAPL,5.2156e+11
AMZN,3.316e+11
FB,3.3566e+11
GOOGL,4.9549e+11
GOOG,4.8728e+11
GILD,1.1006e+11
NFLX,39610000000.0
FOXA,53300000000.0
FOX,53910000000.0
ATVI,27710000000.0
ADBE,48460000000.0
AKAM,9080000000.0
ALXN,31930000000.0
AAL,18510000000.0
AMGN,1.1282e+11
ADI,17530000000.0
AMAT,25620000000.0
ADSK,12610000000.0
ADP,38930000000.0
BIDU,58890000000.0
BBBY,6550000000.0
BIIB,57750000000.0
BMRN,14030000000.0
AVGO,57290000000.0
CSX,24680000000.0
CA,13050000000.0
CELG,78590000000.0
CERN,18450000000.0
CHTR,26220000000.0
CHKP,14470000000.0
CSCO,1.4075e+11
CTXS,12910000000.0
CTSH,38130000000.0
CMCSA,1.499e+11
COST,62650000000.0
CTRP,20050000000.0
DISCA,11210000000.0
DISCK,10780000000.0
DISH,21600000000.0
DLTR,18080000000.0
EBAY,27170000000.0
EA,22440000000.0
ENDP,3440000000.0
EXPE,16470000000.0
ESRX,46090000000.0
FAST,12960000000.0
FISV,22780000000.0
HSIC,14010000000.0
ILMN,20680000000.0
INCY,14570000000.0
INTC,1.4237e+11
INTU,26460000000.0
ISRG,24080000000.0
JD,32170000000.0
KHC,1.0022e+11
LRCX,12240000000.0
LBTYA,30620000000.0
LBTYK,30060000000.0
QVCA,12510000000.0
LMCK,
LMCA,
LVNTA,5270000000.0
LLTC,10890000000.0
MAR,16520000000.0
MAT,10400000000.0
MXIM,10360000000.0
MU,11200000000.0
MSFT,3.979e+11
MDLZ,67300000000.0
MNST,30030000000.0
MYL,21100000000.0
NTAP,7000000000.0
NCLH,10720000000.0
NVDA,23810000000.0
NXPI,22250000000.0
ORLY,24770000000.0
PCAR,18710000000.0
PAYX,18740000000.0
PYPL,44700000000.0
QCOM,80090000000.0
REGN,40260000000.0
ROST,21060000000.0
SNDK,15460000000.0
SBAC,12210000000.0
STX,6090000000.0
SIRI,19540000000.0
SWKS,12280000000.0
SBUX,80010000000.0
SRCL,8190000000.0
SYMC,11000000000.0
TMUS,34290000000.0
TSLA,29510000000.0
TXN,58780000000.0
PCLN,62010000000.0
TSCO,12530000000.0
TRIP,9400000000.0
ULTA,13050000000.0
VRSK,12960000000.0
VRTX,20950000000.0
VIAB,15470000000.0
VOD,90420000000.0
WBA,83420000000.0
WDC,9220000000.0
WFM,10120000000.0
XLNX,11430000000.0
YHOO,34640000000.0
TFSC,18710000.0
TFSCU,
PIH,39820000.0
FLWS,490090000.0
FCTY,107420000.0
FCCY,98480000.0
SRCE,868780000.0
VNET,1260000000.0
TWOU,1250000000.0
JOBS,1710000000.0
CAFD,294560000.0
EGHT,1110000000.0
AVHI,262490000.0
SHLM,729050000.0
AAON,1450000000.0
ABAX,1010000000.0
ABY,1800000000.0
ABGB,1870000000.0
ABEO,81660000.0
ABIL,70010000.0
ABMD,4130000000.0
AXAS,107890000.0
ACTG,250980000.0
ACHC,4990000000.0
ACAD,3850000000.0
ACST,13780000.0
AXDX,589010000.0
XLRN,1250000000.0
ANCX,204120000.0
ARAY,424040000.0
VXDN,
VXUP,
ACRX,145450000.0
ACET,628390000.0
AKAO,52280000.0
ACHN,1150000000.0
ACIW,2260000000.0
ACRS,413430000.0
ACNB,141850000.0
ACOR,1210000000.0
ACTS,67330000.0
ACPW,12340000.0
ACTA,330020000.0
ACUR,27810000.0
ACXM,1530000000.0
ADMS,342360000.0
ADMP,111580000.0
ADAP,715640000.0
ADUS,210410000.0
AEY,17030000.0
IOTS,52410000.0
ADMA,68350000.0
ADTN,906940000.0
ADRO,676480000.0
AAAP,1090000000.0
AEIS,1410000000.0
AMD,3070000000.0
ADXS,270760000.0
MAUI,
YPRO,
AEGR,51040000.0
AEGN,655030000.0
AEHR,14220000.0
AMTX,50530000.0
AEPI,309480000.0
AERI,404290000.0
AVAV,640920000.0
AEZS,34250000.0
AEMD,35900000.0
AFMD,108090000.0
AGEN,317120000.0
AGRX,198320000.0
AGYS,243010000.0
AGIO,1720000000.0
AGFS,242010000.0
AIMT,602020000.0
AIRM,1310000000.0
AIRT,59090000.0
ATSG,810990000.0
AMCN,264900000.0
AIXG,611460000.0
AKTX,173260000.0
AKBA,150980000.0
AKER,9390000.0
AKRX,3650000000.0
ALRM,979660000.0
ALSK,93750000.0
AMRI,473390000.0
ABDC,
ADHD,126790000.0
ALDR,1400000000.0
ALDX,32790000.0
ALXA,19330000.0
ALCO,240460000.0
ALGN,6210000000.0
ALIM,68550000.0
ALKS,6500000000.0
ABTX,301250000.0
ALGT,2340000000.0
AFOP,292360000.0
AIQ,76640000.0
AHGP,1040000000.0
ARLP,1110000000.0
AHPI,5060000.0
AMOT,202610000.0
ALQA,37380000.0
ALLT,162050000.0
MDRX,2450000000.0
AFAM,429140000.0
ALNY,4720000000.0
AOSL,289580000.0
SMCP,
ATEC,18790000.0
ASPS,479710000.0
AIMC,685320000.0
AMAG,655600000.0
AMRN,317240000.0
AMRK,115290000.0
AYA,1840000000.0
AMBC,740560000.0
AMBCW,
AMBA,1250000000.0
AMCX,4760000000.0
DOX,8510000000.0
AMDA,16680000.0
AMED,1680000000.0
UHAL,7220000000.0
ATAX,321140000.0
AMOV,41190000000.0
AGNC,6210000000.0
AGNCB,8290000000.0
AGNCP,8480000000.0
MTGE,695080000.0
MTGEP,1140000000.0
ACSF,
ACAS,3410000000.0
GNOW,3320000.0
AETI,20970000.0
AMIC,176970000.0
AMNB,227100000.0
ANAT,3200000000.0
APEI,429820000.0
ARII,766010000.0
AMRB,72710000.0
ASEI,215070000.0
AMSWA,268290000.0
AMSC,148420000.0
AMWD,1230000000.0
CRMT,189280000.0
ABCB,1010000000.0
AMSF,1120000000.0
ASRV,57070000.0
ASRVP,
ATLO,228560000.0
FOLD,869020000.0
AMKR,1380000000.0
AMPH,691960000.0
AMSG,3920000000.0
AMSGP,7430000000.0
ASYS,76540000.0
AFSI,4650000000.0
AMRS,114240000.0
ANAC,4520000000.0
ALOG,1010000000.0
AVXL,153510000.0
ANCB,58560000.0
ABCW,
ANDA,16930000.0
ANGI,516570000.0
ANGO,423100000.0
ANIP,569360000.0
ANIK,658610000.0
ANSS,7590000000.0
ATRS,133560000.0
ANTH,147550000.0
ABAC,22560000.0
ATNY,
APIC,316770000.0
APOG,1260000000.0
APOL,1000000000.0
AINV,
AMEH,32990000.0
APPF,451330000.0
ARCI,6840000.0
APDN,66930000.0
APDNW,
AGTC,280950000.0
AMCC,519900000.0
AAOI,155740000.0
AREX,105140000.0
APRI,23800000.0
APTO,32650000.0
AQMS,148440000.0
AQXP,114450000.0
AUMA,69670000.0
AUMAU,
ARDM,63620000.0
ARLZ,249030000.0
PETX,217740000.0
ABUS,222870000.0
ARCW,42100000.0
ABIO,31700000.0
RKDA,52660000.0
ARCB,424900000.0
ACGL,8580000000.0
APLP,867510000.0
ACAT,185460000.0
ARDX,272190000.0
ARNA,381580000.0
ARCC,
AGII,1610000000.0
AGIIL,
ARGS,134730000.0
ARIS,65590000.0
ARIA,1480000000.0
ARKR,68910000.0
ARMH,19150000000.0
ARTX,68440000.0
ARWA,30700000.0
ARQL,115120000.0
ARRY,474780000.0
ARRS,4220000000.0
DWAT,
AROW,367780000.0
ARWR,324980000.0
ARTNA,249510000.0
ARTW,12510000.0
ASBB,93450000.0
ASNA,1390000000.0
ASND,354560000.0
ASCMA,217250000.0
APWC,34820000.0
ASML,40860000000.0
AZPN,3020000000.0
ASMB,91290000.0
ASFI,125250000.0
ASTE,1190000000.0
ALOT,108830000.0
ATRO,918980000.0
ASTC,32570000.0
ASUR,31330000.0
ATAI,111260000.0
ATRA,484050000.0
ATHN,4830000000.0
ATHX,188130000.0
AAPC,35080000.0
AAME,67790000.0
ACBI,345140000.0
ACFC,97260000.0
ATNI,1160000000.0
ATLC,43050000.0
AAWW,1090000000.0
AFH,210520000.0
TEAM,4840000000.0
ATOS,10190000.0
ATRC,468280000.0
ATRI,724090000.0
ATTU,132410000.0
LIFE,74610000.0
AUBN,105650000.0
AUDC,141260000.0
AUPH,80070000.0
EARS,112260000.0
ABTL,144690000.0
AAVL,
AVNU,201800000.0
AVEO,51200000.0
AVXS,888530000.0
AVNW,36610000.0
AVID,222770000.0
AVGR,143940000.0
CAR,2590000000.0
AWRE,94500000.0
ACLS,281550000.0
AXGN,163960000.0
AXSM,197230000.0
AXTI,103040000.0
BCOM,822020000.0
RILY,163000000.0
BOSC,4810000.0
BEAV,4760000000.0
BCPC,1810000000.0
BWINA,354330000.0
BWINB,358710000.0
BLDP,211800000.0
BANF,946130000.0
BANFP,
BKMU,353930000.0
BOCH,83740000.0
BMRC,297510000.0
BKSC,77370000.0
BOTJ,52490000.0
OZRK,3420000000.0
BFIN,244990000.0
BWFG,160040000.0
BANR,1500000000.0
BZUN,283690000.0
BHAC,18340000.0
BBSI,202200000.0
BSET,295830000.0
BYBK,54000000.0
BYLK,
BV,287890000.0
BBCN,1250000000.0
BCBP,115020000.0
BECN,2520000000.0
BSF,338420000.0
BBGI,103750000.0
BEBE,28800000.0
BGNE,608880000.0
BELFA,174770000.0
BELFB,203600000.0
BLPH,16980000.0
BLCM,274160000.0
BNCL,1040000000.0
BNFT,1030000000.0
BNTC,12090000.0
BGCP,2440000000.0
BGFV,186350000.0
BIND,8570000.0
ORPN,25330000.0
BASI,7540000.0
BIOC,13710000.0
BCRX,244660000.0
BIOD,25020000.0
BDSI,104510000.0
BIOL,65830000.0
BLFS,18300000.0
BOLT,
BLRX,49990000.0
BVXV,11820000.0
BPTH,239660000.0
BIOS,170570000.0
BBC,
BBP,
BSTC,246160000.0
BSTG,21310000.0
BSPM,2880000.0
BOTA,
TECH,3890000000.0
BEAT,435150000.0
BITI,324030000.0
BDMS,24550000.0
BJRI,1040000000.0
BBOX,189230000.0
BDE,129250000.0
BLKB,2730000000.0
BBRY,3550000000.0
HAWK,1820000000.0
BKCC,
ADRA,
ADRD,
ADRE,
ADRU,
BLMN,2180000000.0
BCOR,349910000.0
BLBD,208810000.0
BUFF,5110000000.0
BHBK,379290000.0
NILE,293220000.0
BLUE,1500000000.0
BKEP,173980000.0
BKEPP,219470000.0
BPMC,489080000.0
ITEQ,
STCK,1180000000.0
BNCN,934370000.0
BOBE,921290000.0
BOFI,1110000000.0
BOFIL,
WIFI,262090000.0
BOJA,607750000.0
BOKF,4020000000.0
BONA,
BNSO,7260000.0
BPFH,1010000000.0
BPFHP,2140000000.0
BPFHW,
EPAY,924650000.0
BLVD,105250000.0
BLVDU,
BCLI,41230000.0
BBRG,100950000.0
BBEP,15820000.0
BBEPP,68460000.0
BDGE,498770000.0
BRID,116020000.0
BCOV,205450000.0
BSFT,1200000000.0
BVSN,32990000.0
BYFC,54950000.0
BWEN,52510000.0
BRCD,3190000000.0
BRKL,795850000.0
BRKS,665440000.0
BRKR,4250000000.0
BMTC,486230000.0
BLMT,187590000.0
BSQR,62810000.0
BWLD,2640000000.0
BLDR,1280000000.0
BUR,79250000.0
CFFI,137690000.0
CHRW,10610000000.0
CCMP,979760000.0
CDNS,7390000000.0
CDZI,104090000.0
CACQ,1200000000.0
CZR,997770000.0
CSTE,1420000000.0
PRSS,52330000.0
CLBS,33650000.0
CLMS,152740000.0
CHY,
CHI,
CCD,
CFGE,
CHW,
CGO,
CSQ,
CAMP,532980000.0
CVGW,978980000.0
CFNB,153670000.0
CALA,83210000.0
CALD,991710000.0
CALM,2210000000.0
CLMT,276110000.0
ABCD,206740000.0
CAC,437790000.0
CAMT,67510000.0
CSIQ,1030000000.0
CGIX,28400000.0
CPHC,44280000.0
CBNJ,
CPLA,605170000.0
CBF,1290000000.0
CCBG,263140000.0
CPLP,314440000.0
CSWC,214580000.0
CPTA,
CLAC,93120000.0
CLACU,
CFFN,1780000000.0
CAPN,19720000.0
CAPNW,
CAPR,58760000.0
CPST,30330000.0
CARA,158240000.0
CARB,243860000.0
CBYL,24780000.0
CRDC,23670000.0
CFNL,706970000.0
CRME,103820000.0
CSII,499570000.0
CATM,1680000000.0
CDNA,50020000.0
CECO,393680000.0
CTRE,754040000.0
CKEC,731650000.0
CLBH,79330000.0
CARO,222170000.0
CART,27890000.0
CRZO,2210000000.0
TAST,438210000.0
CRTN,12270000.0
CARV,14510000.0
CASM,49040000.0
CACB,404000000.0
CSCD,326180000.0
CWST,288620000.0
CASY,4550000000.0
CASI,50250000.0
CASS,534110000.0
CATB,85480000.0
CBIO,16340000.0
CPRX,49720000.0
CATY,2370000000.0
CVCO,839960000.0
CAVM,2710000000.0
CBFV,86070000.0
CNLM,18840000.0
CBOE,5190000000.0
CDK,8220000000.0
CDW,7070000000.0
CECE,264350000.0
CPXX,717740000.0
CELGZ,
CLDX,397830000.0
CLRB,2960000.0
CLRBW,
CLLS,1080000000.0
CBMG,218650000.0
CLSN,33260000.0
CYAD,448890000.0
CEMP,759630000.0
CETX,17740000.0
CSFL,747190000.0
CETV,319360000.0
CFBK,21630000.0
CENT,914990000.0
CENTA,887280000.0
CVCY,151290000.0
CFCB,110650000.0
CENX,553700000.0
CNBKA,236040000.0
CNTY,143170000.0
CPHD,1960000000.0
CRNT,115640000.0
CERC,27770000.0
CERE,3910000.0
CERU,62930000.0
CERS,528890000.0
KOOL,9420000.0
CEVA,535530000.0
CSBR,33500000.0
CYOU,929370000.0
HOTR,12380000.0
HOTRW,
CTHR,21720000.0
GTLS,748590000.0
CHFN,188040000.0
CHEK,24330000.0
CEMI,87820000.0
CHFC,1460000000.0
CCXI,189560000.0
CHMG,144540000.0
CHKE,125130000.0
CHEV,99770000.0
CHMA,69500000.0
CBNK,87000000.0
PLCE,1430000000.0
CMRX,217660000.0
CADC,5950000.0
CALI,4370000.0
CAAS,127520000.0
CBAK,43840000.0
CBPO,3020000000.0
CCCL,6560000.0
CCCR,5090000.0
CCRC,142970000.0
JRJC,99200000.0
HGSH,80190000.0
CNIT,49080000.0
CJJD,28380000.0
HTHT,2270000000.0
CHNR,40870000.0
CREG,21600000.0
CNTF,25090000.0
CXDC,176870000.0
CNYD,11700000.0
CCIH,224600000.0
CNET,18670000.0
IMOS,483840000.0
CHSCL,
CHSCM,
CHSCN,
CHSCO,
CHSCP,
CHDN,2060000000.0
CHUY,527590000.0
CDTX,159180000.0
CIFC,179170000.0
CMCT,1820000000.0
CMPR,2950000000.0
CINF,11210000000.0
CIDM,10510000.0
CTAS,9850000000.0
CPHR,153860000.0
CRUS,2090000000.0
CTRN,230460000.0
CZNC,241440000.0
CZWI,47780000.0
CZFC,28470000.0
CIZN,105150000.0
CHCO,717820000.0
CIVB,91490000.0
CIVBP,303420000.0
CDTI,6920000.0
CLNE,311980000.0
CLNT,4270000.0
CLFD,236910000.0
CLRO,102060000.0
CLIR,51600000.0
CBLI,23170000.0
CSBK,347060000.0
CLVS,556580000.0
CMFN,
CME,32660000000.0
CCNE,255680000.0
CISG,415860000.0
CNV,2220000000.0
CWAY,55520000.0
COBZ,503560000.0
COKE,1200000000.0
CDRB,29980000.0
CDXS,144390000.0
CVLY,171900000.0
JVA,21810000.0
CCOI,1700000000.0
CGNT,22860000.0
CGNX,3410000000.0
COHR,2120000000.0
CHRS,763250000.0
COHU,301510000.0
CLCT,168170000.0
COLL,399720000.0
CIGI,1490000000.0
CBAN,80680000.0
CLCD,89810000.0
COLB,1710000000.0
COLM,3700000000.0
CMCO,297780000.0
CBMX,2630000.0
CBMXW,
CBSH,4640000000.0
CBSHP,2660000000.0
CUBN,116650000.0
CVGI,107180000.0
COMM,5730000000.0
CSAL,3620000000.0
JCS,55200000.0
ESXB,111190000.0
CTBI,620840000.0
CWBC,59390000.0
COB,316280000.0
CVLT,1960000000.0
CGEN,346280000.0
CPSI,556960000.0
CTG,80300000.0
SCOR,1120000000.0
CHCI,5720000.0
CMTL,370270000.0
CNAT,47000000.0
CNCE,283480000.0
CXRX,1560000000.0
CCUR,53180000.0
CDOR,9440000.0
CDORO,154480000.0
CDORP,
CFMS,271220000.0
CNFR,49750000.0
CNMD,1090000000.0
CTWS,525560000.0
CNOB,478340000.0
CNXR,30400000.0
CONN,355010000.0
CNSL,1240000000.0
CWCO,196940000.0
CPSS,93790000.0
CFRX,67340000.0
CFRXW,
CTRV,22520000.0
CTRL,175640000.0
CPRT,4860000000.0
COYN,15270000.0
CRBP,101910000.0
CORT,587410000.0
BVA,33490000.0
CORE,1920000000.0
CORI,84470000.0
CSOD,2040000000.0
CRVL,914830000.0
CRVS,286300000.0
COSI,23360000.0
CSGP,6430000000.0
CPAH,9750000.0
ICBK,118900000.0
CVTI,360750000.0
COVS,61860000.0
COWN,330470000.0
PMTS,213730000.0
CPSH,23760000.0
CRAI,204420000.0
CBRL,3510000000.0
BREW,148320000.0
CRAY,1250000000.0
CACC,3610000000.0
GLDI,
CREE,2340000000.0
CRESY,526070000.0
CRTO,2790000000.0
CROX,677740000.0
CCRN,443740000.0
XRDC,21850000.0
CRDS,4500000.0
CRWS,92260000.0
CRWN,
CYRX,25590000.0
CSGS,1280000000.0
CCLP,300960000.0
CSPI,28200000.0
CSWI,506800000.0
CTCM,320010000.0
CTIC,126180000.0
CTIB,23230000.0
CUNB,391890000.0
CUI,122400000.0
CPIX,73160000.0
CMLS,73590000.0
CRIS,213150000.0
CUTR,131200000.0
CVBF,1820000000.0
CVV,45620000.0
CYAN,28260000.0
CYBR,1270000000.0
CYBE,115020000.0
CYCC,12760000.0
CYCCP,163680000.0
CBAY,56510000.0
CYNA,148840000.0
CYNO,1120000000.0
CY,3020000000.0
CYRN,73540000.0
CONE,3520000000.0
CYTK,303100000.0
CTMX,364480000.0
CYTX,39600000.0
CTSO,109010000.0
CYTR,172240000.0
DJCO,271800000.0
DAKT,330270000.0
DAIO,19140000.0
DTLK,178830000.0
DRAM,3530000.0
DWCH,61040000.0
PLAY,1580000000.0
DTEA,269540000.0
DWSN,135620000.0
DBVT,1380000000.0
DHRM,8830000.0
DFRG,348080000.0
TACO,353010000.0
DCTH,8190000.0
DGAS,179670000.0
DELT,6980000.0
DELTW,1100000.0
DENN,806060000.0
XRAY,14280000000.0
DEPO,1220000000.0
DSCI,100700000.0
DERM,926660000.0
DEST,76760000.0
DXLG,247470000.0
DSWL,26170000.0
DTRM,14100000.0
DXCM,5320000000.0
DHXM,611510000.0
DHIL,560450000.0
FANG,6240000000.0
DCIX,49650000.0
DRNA,77720000.0
DFBG,47910000.0
DGII,284850000.0
DMRC,227400000.0
DRAD,99690000.0
DGLY,18740000.0
APPS,52860000.0
DCOM,665190000.0
DMTX,179910000.0
DIOD,861150000.0
DPRX,118520000.0
DISCB,11450000000.0
DSCO,
DVCR,50950000.0
SAUC,42130000.0
DLHC,41100000.0
DNBF,77690000.0
DGICA,407180000.0
DGICB,367300000.0
DMLP,380980000.0
DORM,1800000000.0
EAGL,143330000.0
EAGLU,
DDAY,12200000.0
DRWI,13980000.0
DWA,3470000000.0
DRYS,58600000.0
DSKX,12880000.0
DSPG,223040000.0
CADT,90890000.0
CADTU,
CADTW,
DTSI,410160000.0
DLTH,744210000.0
DNKN,3990000000.0
DRRX,159340000.0
DXPE,185850000.0
BOOM,146730000.0
DYSL,25710000.0
DYNT,7050000.0
DVAX,604760000.0
ETFC,7460000000.0
EBMT,48520000.0
EGBN,1670000000.0
EGLE,24140000.0
EGRX,724260000.0
ELNK,654780000.0
EWBC,5400000000.0
EACQ,59980000.0
EML,100750000.0
EVBS,93890000.0
EVSTC,
EBAYL,
EBIX,1460000000.0
ELON,20150000.0
ECHO,677480000.0
ECTE,17840000.0
SATS,3750000000.0
EEI,46510000.0
ECAC,23270000.0
ECACU,23780000.0
ESES,30660000.0
EDAP,83440000.0
EDGE,240310000.0
EDGW,103410000.0
EDIT,1170000000.0
EDUC,51360000.0
EFUT,31260000.0
EGAN,82620000.0
EGLT,130840000.0
EHTH,256730000.0
EIGR,62410000.0
LOCO,412530000.0
EMITF,25030000.0
ESLT,3930000000.0
ERI,643040000.0
ELRC,248000000.0
ESIO,220030000.0
EFII,1990000000.0
ELSE,11070000.0
ELEC,59030000.0
EBIO,17090000.0
RDEN,225220000.0
CAPX,
ESBK,52780000.0
LONG,675030000.0
ELTK,9030000.0
EMCI,543620000.0
EMCF,51210000.0
EMKR,138080000.0
EMMS,25690000.0
NYNY,547390000.0
ERS,29750000.0
ENTA,450040000.0
ECPG,677760000.0
WIRE,769990000.0
ECYT,149640000.0
ELGX,1000000000.0
EIGI,1260000000.0
WATT,158590000.0
EFOI,71890000.0
ERII,569390000.0
EXXI,
ENOC,197030000.0
ENG,30620000.0
ENPH,86390000.0
ESGR,3010000000.0
ENFC,112440000.0
ENTG,1900000000.0
ENTL,309370000.0
ETRM,5330000.0
EBTC,237760000.0
EFSC,550380000.0
EGT,26900000.0
ENZN,17460000.0
EPIQ,534310000.0
EPRS,14730000.0
EPZM,568790000.0
PLUS,626690000.0
EQIX,23950000000.0
EQFN,26140000.0
EQBK,180750000.0
ERIC,24700000000.0
ERIE,5070000000.0
ESCA,152250000.0
ESMC,5840000.0
ESPR,339780000.0
ESSA,140200000.0
EPIX,91820000.0
ESND,1090000000.0
ETSY,930180000.0
CLWT,4330000.0
EEFT,4050000000.0
ESEA,19670000.0
EVEP,117730000.0
EVK,23510000.0
EVLV,57040000.0
EVOK,39030000.0
EVOL,62880000.0
EXA,191230000.0
EXAS,544700000.0
EXAC,350290000.0
EXEL,1270000000.0
EXFO,210400000.0
EXLS,1640000000.0
EXPD,8820000000.0
EXPO,1310000000.0
EXTR,367870000.0
EYEG,25960000.0
EZPW,338240000.0
FFIV,7140000000.0
FCS,2280000000.0
FRP,364090000.0
FWM,5340000.0
FALC,53990000.0
DAVE,36040000.0
FARM,461770000.0
FFKT,203080000.0
FMNB,246350000.0
FARO,559970000.0
FATE,43580000.0
FBSS,56360000.0
FBRC,144880000.0
FDML,1420000000.0
FNHC,296570000.0
FEIC,3610000000.0
FHCO,36320000.0
FENX,80100000.0
GSM,1450000000.0
FCSC,91750000.0
FGEN,1130000000.0
ONEQ,
LION,405750000.0
FDUS,
FRGI,643650000.0
FSAM,23600000.0
FSC,
FSCFL,3740000000.0
FSFR,
FITB,14030000000.0
FITBI,23190000000.0
FNGN,1660000000.0
FISI,401510000.0
FNSR,1680000000.0
FNJN,30720000.0
FNTC,47330000.0
FEYE,2290000000.0
FBNC,384680000.0
FNLC,210130000.0
FRBA,63910000.0
BUSE,809840000.0
FBIZ,210630000.0
FCAP,103510000.0
FCFS,1250000000.0
FCNCA,3030000000.0
FCLF,85410000.0
FCBC,373570000.0
FCCO,94370000.0
FCFP,153720000.0
FBNK,241020000.0
FDEF,352740000.0
FFBC,1190000000.0
FFBCW,
FFIN,2130000000.0
THFF,440220000.0
FFNW,174850000.0
FFWM,356170000.0
FGBI,121740000.0
INBK,107750000.0
FIBK,1250000000.0
FRME,1040000000.0
FMBH,217400000.0
FMBI,1470000000.0
FNBC,350440000.0
FNFG,3750000000.0
FNWB,160410000.0
FSFG,78460000.0
FSLR,4910000000.0
FSBK,84490000.0
FPA,
BICK,
FBZ,
FCAN,
FTCS,
FCA,
FDT,
FDTS,
FVC,
FV,
IFV,
FEM,
FEMB,
FEMS,
FTSM,
FEP,
FEUZ,
FGM,
FTGC,
FTHI,
HYLS,
FHK,
FTAG,
FTRI,
FPXI,
YDIV,
SKYY,
FJP,
FEX,
FTC,
FTA,
FLN,
FTLB,
LMBS,
FMB,
FMK,
FNX,
FNY,
FNK,
FAD,
FAB,
MDIV,
QABA,
QCLN,
GRID,
CIBR,
CARZ,
RDVY,
FONE,
TDIV,
QQEW,
QQXT,
QTEC,
AIRR,
QINC,
FTSL,
FYX,
FYC,
FYT,
FKO,
FCVT,
FDIV,
FSZ,
FTW,
TUSA,
FKU,
FUNC,66980000.0
SVVC,
FMER,3740000000.0
FSV,1640000000.0
FIVE,2100000000.0
FPRX,1140000000.0
FIVN,507400000.0
FLML,405400000.0
FLKS,199120000.0
FLXN,226270000.0
SKOR,
LKOR,
MBSD,
ASET,
QLC,
FLXS,309490000.0
FLEX,6830000000.0
FLIR,4120000000.0
FLDM,249960000.0
FFIC,584850000.0
FOMX,208470000.0
FOGO,385970000.0
FONR,99280000.0
FES,8660000.0
FORM,408260000.0
FORTY,473150000.0
FORR,645660000.0
FTNT,5790000000.0
FBIO,133910000.0
FWRD,1330000000.0
FORD,10460000.0
FWP,935550000.0
FOSL,1310000000.0
FMI,596880000.0
FXCB,218430000.0
FOXF,576840000.0
FRAN,427480000.0
FELE,1470000000.0
FRED,497430000.0
FREE,
RAIL,183930000.0
FEIM,86420000.0
FRPT,285880000.0
FTR,5880000000.0
FTRPR,1.1204e+11
FRPH,305060000.0
FSBW,72090000.0
FTD,734980000.0
FSYS,93370000.0
FTEK,36390000.0
FCEL,179100000.0
FORK,36180000.0
FULL,
FULLL,573150000.0
FLL,30920000.0
FULT,2390000000.0
FSNN,20300000.0
FFHL,12410000.0
GK,1440000000.0
WILC,48860000.0
GAIA,184790000.0
GLPG,2480000000.0
GALT,44050000.0
GALTU,
GALTW,
GALE,276390000.0
GLMD,53610000.0
GLPI,4780000000.0
GPIC,71510000.0
GRMN,7620000000.0
GGAC,46640000.0
GGACU,48990000.0
GGACW,
GARS,
GENC,136560000.0
GNCMA,580460000.0
GFN,113480000.0
GFNCP,2110000000.0
GENE,25840000.0
GNMK,280690000.0
GNCA,112890000.0
GHDX,831650000.0
GNTX,4580000000.0
THRM,1290000000.0
GNVC,10530000.0
GTWN,33440000.0
GEOS,229370000.0
GABC,481840000.0
GERN,448270000.0
GEVO,7270000.0
ROCK,893670000.0
GIGM,29070000.0
GIGA,7220000.0
GIII,1700000000.0
GILT,199960000.0
GBCI,1990000000.0
GLAD,
GLADO,584620000.0
GOOD,369720000.0
GOODN,568040000.0
GOODO,566680000.0
GOODP,568040000.0
GAIN,
GAINN,748400000.0
GAINO,762800000.0
GAINP,
LAND,102320000.0
GLBZ,29620000.0
GBT,630160000.0
ENT,532350000.0
GBLI,533760000.0
GBLIZ,
GPAC,45870000.0
SELF,34480000.0
GSOL,209940000.0
ACTX,
QQQC,
SOCL,
ALTY,
SRET,
YLCO,
GBIM,7590000.0
GLBS,6340000.0
GLRI,5570000.0
GLUU,328130000.0
GLYC,142800000.0
GOGO,837210000.0
GLNG,1570000000.0
GMLP,1080000000.0
GLDC,62440000.0
GDEN,267240000.0
GOGL,374360000.0
GBDC,
GTIM,34950000.0
GPRO,1260000000.0
GMAN,36520000.0
GRSH,107740000.0
GRSHU,110410000.0
GPIA,52560000.0
GPIAU,
LOPE,1900000000.0
GRVY,15740000.0
GBSN,7500000.0
GLDD,265670000.0
GSBC,530570000.0
GNBC,299100000.0
GRBK,351090000.0
GPP,431320000.0
GPRE,683120000.0
GCBC,151090000.0
GLRE,732730000.0
GRIF,149250000.0
GRFS,20290000000.0
GRPN,2000000000.0
OMAB,2220000000.0
GGAL,3520000000.0
GSIG,
GSIT,83460000.0
GSVC,
GTXI,99220000.0
GBNK,342490000.0
GFED,71000000.0
GUID,153830000.0
GIFI,97730000.0
GURE,69010000.0
GPOR,3670000000.0
GWPH,1850000000.0
GWGH,40200000.0
GYRO,9450000.0
HEES,655820000.0
HLG,200330000.0
HNRG,124310000.0
HALL,196660000.0
HALO,1170000000.0
HBK,44800000.0
HMPR,291260000.0
HBHC,2060000000.0
HBHCL,
HNH,301790000.0
HAFC,735990000.0
HNSN,75960000.0
HQCL,1010000000.0
HDNG,137050000.0
HLIT,202590000.0
HRMN,44980000.0
HRMNU,
TINY,51510000.0
HBIO,111750000.0
HCAP,
HAS,10520000000.0
HA,2210000000.0
HCOM,247830000.0
HWKN,407910000.0
HWBK,79490000.0
HAYN,322240000.0
HDS,6680000000.0
HIIQ,51580000.0
HCSG,2700000000.0
HQY,1360000000.0
HSTM,715810000.0
HWAY,428080000.0
HTLD,1490000000.0
HTLF,833470000.0
HTWR,499710000.0
HTBX,4510000.0
HSII,338910000.0
HELE,2640000000.0
HMNY,3150000.0
HMTV,493650000.0
HNNA,165460000.0
HCAC,59090000.0
HERO,36580000.0
HTBK,332640000.0
HFWA,530660000.0
HEOP,275310000.0
HCCI,230860000.0
MLHR,1830000000.0
HRTX,
HSKA,243830000.0
HFFC,138780000.0
HIBB,787530000.0
HPJ,28540000.0
HIHO,17080000.0
HIMX,1530000000.0
HIFS,278630000.0
HSGX,24020000.0
HMNF,51450000.0
HMSY,1340000000.0
HOLI,988130000.0
HOLX,9300000000.0
HBCP,204370000.0
HOMB,2930000000.0
HFBL,41090000.0
HMST,497700000.0
HTBI,329270000.0
CETC,7930000.0
HOFT,259360000.0
HFBC,70590000.0
HBNC,287830000.0
HZNP,2440000000.0
HRZN,
HDP,443040000.0
HMHC,2080000000.0
HWCC,87550000.0
HOVNP,388270000.0
HBMD,87120000.0
HSNI,2600000000.0
HTGM,20020000.0
HUBG,1360000000.0
HSON,75520000.0
HDSN,109780000.0
HBAN,8150000000.0
HBANO,20630000000.0
HBANP,11130000000.0
HURC,201710000.0
HURN,1190000000.0
HTCH,121080000.0
HCM,696490000.0
HBP,117920000.0
HDRA,29820000.0
HYGS,89160000.0
IDSY,64980000.0
IAC,4300000000.0
IKGH,100940000.0
IBKC,2490000000.0
IBKCP,1080000000.0
ICAD,83930000.0
IEP,7430000000.0
ICFI,749300000.0
ICLR,3610000000.0
ICON,364500000.0
ICUI,1630000000.0
IPWR,37750000.0
INVE,21490000.0
IDRA,179550000.0
IDXX,7970000000.0
DSKY,620210000.0
IROQ,68100000.0
IRG,62000000.0
RXDX,263610000.0
IIVI,1210000000.0
KANG,1190000000.0
IKNX,21860000.0
ISNS,12010000.0
IMMR,176380000.0
ICCC,28870000.0
IMDZ,259170000.0
IMGN,485010000.0
IMMU,392490000.0
IPXL,2270000000.0
IMMY,52020000.0
INCR,2400000000.0
SAAS,861970000.0
INDB,1250000000.0
IBCP,314680000.0
IBTX,678770000.0
IDSA,18920000.0
INFN,1750000000.0
INFI,238830000.0
IPCC,841690000.0
III,137620000.0
IFON,10500000.0
IMKTA,750390000.0
INWK,430840000.0
INNL,13370000.0
INOD,56740000.0
IPHS,709550000.0
IOSP,1150000000.0
ISSC,47170000.0
INVA,1250000000.0
INGN,908120000.0
ITEK,239130000.0
INOV,2780000000.0
INO,763860000.0
NSIT,939990000.0
ISIG,26010000.0
INSM,693020000.0
IIIN,496510000.0
PODD,1630000000.0
INSY,1010000000.0
NTEC,42240000.0
IART,2700000000.0
IDTI,2970000000.0
IESC,283140000.0
IQNT,553120000.0
IPCI,43490000.0
IPAR,892830000.0
IBKR,2410000000.0
ININ,856670000.0
ICPT,3300000000.0
ICLD,18900000.0
ICLDW,
IDCC,1920000000.0
TILE,1080000000.0
IMI,92540000.0
INAP,110280000.0
IBOC,1760000000.0
ISCA,1510000000.0
IGLD,261370000.0
IIJI,977870000.0
IDXG,5630000.0
XENT,375040000.0
INTX,55580000.0
ISIL,1700000000.0
IILG,763620000.0
IVAC,99120000.0
INTL,498870000.0
INTLL,478250000.0
ITCI,1520000000.0
IIN,31420000.0
INVT,7330000.0
SNAK,129840000.0
ISTR,109900000.0
ISBC,3630000000.0
ITIC,178230000.0
NVIV,206130000.0
IVTY,65660000.0
IONS,4060000000.0
IPAS,74290000.0
IPGP,4370000000.0
IRMD,199440000.0
IRIX,139130000.0
IRDM,831010000.0
IRDMB,30470000000.0
IRBT,1040000000.0
IRWD,1650000000.0
IRCP,1210000000.0
SLQD,
TLT,
AIA,
COMT,
IXUS,
IFEU,
IFGL,
IGF,
GNMA,
JKI,
ACWX,
ACWI,
AAXJ,
EWZS,
MCHI,
SCZ,
EEMA,
EEML,
EUFN,
IEUS,
ENZL,
QAT,
UAE,
IBB,
SOXX,
EMIF,
ICLN,
WOOD,
INDY,
ISHG,
IGOV,
ISLE,610330000.0
ISRL,266020000.0
ITI,76890000.0
ITRI,1590000000.0
ITRN,425440000.0
ITUS,26980000.0
XXIA,788910000.0
IXYS,324880000.0
IZEA,32570000.0
JJSF,1910000000.0
MAYS,116610000.0
JBHT,9160000000.0
JCOM,3090000000.0
JASO,377230000.0
JKHY,6550000000.0
JACK,2420000000.0
JXSB,46200000.0
JAGX,14200000.0
JAKK,125710000.0
JMBA,169020000.0
JRVR,912700000.0
JSML,
JSMD,
JASN,87750000.0
JAZZ,9040000000.0
JSYNU,
JBLU,5830000000.0
JTPY,35880000.0
JCTCF,28890000.0
DATE,243480000.0
JST,
JIVE,294890000.0
WYIG,24750000.0
WYIGU,
JBSS,565070000.0
JOUT,240320000.0
JNP,77770000.0
JUNO,4120000000.0
KTWO,443470000.0
KALU,1510000000.0
KMDA,141000000.0
KNDI,317130000.0
KPTI,308900000.0
KBSF,5080000.0
KCAP,123240000.0
KRNY,1150000000.0
KELYA,729930000.0
KELYB,739430000.0
KMPH,87420000.0
KFFB,73850000.0
KERX,607410000.0
KEQU,44100000.0
KTEC,56840000.0
KTCC,80220000.0
KFRC,469180000.0
KE,313410000.0
KBAL,425830000.0
KIN,80940000.0
KGJI,105540000.0
KINS,71840000.0
KONE,3230000.0
KIRK,216370000.0
KITE,2310000000.0
KTOV,20260000.0
KLAC,10840000000.0
KLREU,
KLXI,1850000000.0
KONA,126800000.0
KZ,259070000.0
KOPN,120280000.0
KRNT,273860000.0
KOSS,15460000.0
KWEB,
KTOS,247630000.0
KUTV,46280000.0
KLIC,817790000.0
KURA,57680000.0
KVHI,129190000.0
FSTR,118930000.0
LJPC,282940000.0
DRIO,17590000.0
LSBK,79930000.0
LSBG,128480000.0
LBAI,462710000.0
LKFN,798100000.0
LAKE,59050000.0
LAMR,6140000000.0
LANC,3240000000.0
LNDC,312150000.0
LARK,91330000.0
LMRK,235100000.0
LE,578960000.0
LSTR,2800000000.0
LNTH,71990000.0
LTRX,15230000.0
LPSB,82560000.0
LSCC,635260000.0
LAWS,165600000.0
LAYN,167610000.0
LCNB,168690000.0
LDRH,616210000.0
LBIX,4970000.0
LGCY,173080000.0
LGCYO,365900000.0
LGCYP,368410000.0
LTXB,1190000000.0
DDBI,
EDBI,
LVHD,
UDBI,
LMAT,275500000.0
TREE,820130000.0
LXRX,1290000000.0
LGIH,516850000.0
LHCG,760580000.0
LBRDA,6160000000.0
LBRDK,6140000000.0
LBTYB,30090000000.0
LILA,1750000000.0
LILAK,1840000000.0
LVNTB,5560000000.0
QVCB,12170000000.0
LMCB,
TAX,141740000.0
LTRPA,1630000000.0
LTRPB,1650000000.0
LPNT,2880000000.0
LCUT,195000000.0
LFVN,173560000.0
LWAY,153180000.0
LGND,2460000000.0
LTBR,9490000.0
LPTH,26810000.0
LLEX,3940000.0
LIME,24090000.0
LLNW,137540000.0
LMNR,209870000.0
LINC,38050000.0
LECO,4060000000.0
LIND,450630000.0
LNCO,15760000.0
LINE,55060000.0
LBIO,265090000.0
LIOX,250750000.0
LPCN,142960000.0
LQDT,200950000.0
LFUS,2450000000.0
LIVN,2400000000.0
LOB,546370000.0
LIVE,26470000.0
LPSN,373870000.0
LKQ,9640000000.0
LMFA,28270000.0
LMIA,116840000.0
LOGI,2360000000.0
LOGM,1470000000.0
EVAR,31220000.0
CNCR,
LORL,1080000000.0
LOXO,500390000.0
LPTN,5320000.0
LPLA,2250000000.0
LRAD,54370000.0
LYTS,284810000.0
LULU,8580000000.0
LITE,1330000000.0
LMNX,861170000.0
LMOS,303140000.0
LUNA,28580000.0
MBTF,183320000.0
MTSI,1900000000.0
MCBC,237480000.0
MFNC,64620000.0
MCUR,18450000.0
MGNX,781060000.0
MAGS,73970000.0
MGLN,1610000000.0
MPET,7550000.0
MGIC,297450000.0
CALL,91800000.0
MNGA,39330000.0
MGYR,59190000.0
MHLD,931560000.0
MHLDO,
MSFG,472700000.0
COOL,9700000.0
MMYT,694030000.0
MBUU,234560000.0
MLVF,102030000.0
MAMS,75930000.0
MANH,4550000000.0
LOAN,31410000.0
MNTX,102390000.0
MTEX,55200000.0
MNKD,392420000.0
MANT,1290000000.0
MAPI,
MARA,33680000.0
MCHX,136400000.0
MARPS,10300000.0
MRNS,92280000.0
BBH,
GNRX,
PPH,
MKTX,5050000000.0
MKTO,1270000000.0
MRKT,6020000000.0
MRLN,179080000.0
MBII,16040000.0
MRTN,621870000.0
MMLP,779280000.0
MRVL,5020000000.0
MASI,2380000000.0
MTCH,3470000000.0
MTLS,313530000.0
MTRX,419450000.0
MATR,96800000.0
MATW,1710000000.0
MFRM,1180000000.0
MTSN,
MXWL,179770000.0
MZOR,316620000.0
MBFI,2560000000.0
MBFIP,1990000000.0
MCFT,231900000.0
MGRC,656000000.0
MDCA,827210000.0
MCOX,
TAXI,
MTBC,10050000.0
MTBCP,6250000.0
MNOV,202580000.0
MDSO,2380000000.0
MDGS,10450000.0
MDVN,9970000000.0
MDWD,174800000.0
MDVX,14260000.0
MEET,154630000.0
MEIP,46110000.0
MPEL,7710000000.0
MLNX,2030000000.0
MELR,41650000.0
MEMP,189840000.0
MRD,2890000000.0
MENT,2220000000.0
MTSL,8450000.0
MELI,5910000000.0
MBWM,386190000.0
MERC,575740000.0
MBVT,196660000.0
MRCY,826180000.0
EBSB,762710000.0
VIVO,791830000.0
MMSI,841870000.0
MACK,835320000.0
MSLI,134400000.0
MLAB,371080000.0
MESO,533250000.0
CASH,415340000.0
MBLX,22440000.0
MEOH,2740000000.0
MFRI,51820000.0
MGCD,24010000.0
MGEE,1750000000.0
MGPI,449350000.0
MCHP,9950000000.0
MICT,12260000.0
MICTW,
MSCC,3670000000.0
MSTR,2050000000.0
MVIS,94230000.0
MPB,65750000.0
MTP,61410000.0
MCEP,89950000.0
MBRG,193730000.0
MBCN,64040000.0
MSEX,581270000.0
MOFG,325210000.0
MIME,421810000.0
MDXG,767930000.0
MNDO,39430000.0
MB,539000000.0
NERV,136080000.0
MRTX,318500000.0
MIRN,87900000.0
MSON,33960000.0
MIND,43770000.0
MITK,286060000.0
MITL,739660000.0
MKSI,2000000000.0
MMAC,105710000.0
MINI,1390000000.0
MOBL,222450000.0
MOCO,83550000.0
MDSY,24550000.0
MLNK,71590000.0
MOKO,5730000.0
MOLG,
MNTA,711550000.0
MOMO,2250000000.0
MCRI,338630000.0
MNRK,213450000.0
MGI,326930000.0
MPWR,2580000000.0
TYPE,893940000.0
MNRO,2020000000.0
MRCC,
MHGC,75100000.0
MORN,3540000000.0
MOSY,30350000.0
MPAA,520090000.0
MDM,761660000.0
MRVC,70020000.0
MSBF,74660000.0
MSG,3990000000.0
MTSC,692950000.0
LABL,1020000000.0
MFLX,547860000.0
MFSF,200260000.0
MYOK,344770000.0
MYOS,8080000.0
MYRG,426120000.0
MYGN,2400000000.0
NBRV,176490000.0
NAKD,10140000.0
NNDM,48960000.0
NANO,434790000.0
NSPH,15940000.0
NSTG,270680000.0
NK,495960000.0
NSSC,107270000.0
NDAQ,10470000000.0
NTRA,563820000.0
NATH,187360000.0
NAUH,48270000.0
NKSH,232570000.0
FIZZ,2430000000.0
NCMI,823720000.0
NCOM,253780000.0
NGHC,2230000000.0
NGHCO,2740000000.0
NGHCP,2720000000.0
NGHCZ,2670000000.0
NHLD,37940000.0
NATI,3490000000.0
NATL,616480000.0
NRCIA,340730000.0
NRCIB,1020000000.0
NSEC,38840000.0
NWLI,750720000.0
NAII,80010000.0
NHTC,380400000.0
NATR,171830000.0
BABY,1070000000.0
NAVI,4190000000.0
NBTB,1220000000.0
NCIT,184600000.0
NKTR,1890000000.0
NEOG,1820000000.0
NEO,663210000.0
NEON,79750000.0
NEOS,125470000.0
NEOT,14990000.0
NVCN,30750000.0
NRX,
NEPT,86900000.0
UEPS,470730000.0
NETE,31110000.0
NTES,21950000000.0
NTGR,1390000000.0
NLST,65530000.0
NTCT,2280000000.0
NTWK,66030000.0
CUR,29450000.0
NBIX,4150000000.0
NDRM,367570000.0
NURO,6980000.0
NYMT,610500000.0
NYMTO,2380000000.0
NYMTP,2370000000.0
NLNK,294960000.0
NEWP,
NWS,7100000000.0
NWSA,6870000000.0
NEWS,358810000.0
NEWT,186520000.0
NEWTZ,375060000.0
NXST,1530000000.0
NVET,33750000.0
NFEC,4910000.0
EGOV,1240000000.0
NICE,3820000000.0
NICK,82480000.0
NCBS,163330000.0
NIHD,300670000.0
NVLS,68030000.0
NMIH,353890000.0
NNBR,415280000.0
NDLS,262320000.0
NDSN,4320000000.0
NSYS,10300000.0
NTK,776190000.0
NBN,101740000.0
NTIC,63280000.0
NTRS,16400000000.0
NTRSP,6300000000.0
NFBK,677670000.0
NRIM,184850000.0
NWBI,1480000000.0
NWBO,81340000.0
NWBOW,
NWPX,85300000.0
NWFL,101540000.0
NVFY,14700000.0
NVMI,309920000.0
NVDQ,549610000.0
MIFI,69420000.0
NVAX,1420000000.0
NVCR,980420000.0
NVGN,35410000.0
NTLS,
NUAN,4550000000.0
NMRX,142470000.0
NUTR,210870000.0
NTRI,772050000.0
NUVA,2670000000.0
NVTR,79980000.0
QQQX,
NVEE,211550000.0
NVEC,269410000.0
NXTM,1160000000.0
NXTD,20590000.0
NYMX,100760000.0
OIIM,36270000.0
OVLY,75480000.0
OASM,164990000.0
OBCI,20990000.0
OPTT,2750000.0
ORIG,307840000.0
OSHC,106790000.0
OCFC,301180000.0
OCRX,54330000.0
OCLR,490080000.0
OFED,112030000.0
OCUL,269950000.0
OCLS,16990000.0
OMEX,18550000.0
ODP,1890000000.0
OFS,
OHAI,
OVBC,90540000.0
OHRP,96900000.0
ODFL,5280000000.0
OLBK,194220000.0
ONB,1460000000.0
OPOF,95710000.0
OSBC,204510000.0
OSBCP,
OLLI,1390000000.0
ZEUS,243730000.0
OFLX,338750000.0
OMER,450050000.0
OMCL,1110000000.0
ON,3810000000.0
OTIV,35520000.0
OGXI,26530000.0
OMED,385390000.0
ONTX,10900000.0
ONCS,28510000.0
ONTY,105410000.0
OHGI,25230000.0
ONVI,25650000.0
OTEX,6800000000.0
OPXA,14950000.0
OPXAW,
OPGN,15470000.0
OPHT,1710000000.0
OBAS,37900000.0
OCC,16780000.0
OPHC,4040000.0
OPB,1270000000.0
ORMP,113050000.0
OSUR,379500000.0
ORBC,654800000.0
ORBK,1120000000.0
OREX,58790000.0
SEED,38430000.0
OESX,36080000.0
ORIT,691380000.0
ORRF,160690000.0
OFIX,801210000.0
OSIS,945690000.0
OSIR,174670000.0
OSN,13780000.0
OTEL,14710000.0
OTIC,414350000.0
OTTR,1110000000.0
OUTR,597830000.0
OVAS,236930000.0
OSTK,412250000.0
OXBR,32050000.0
OXFD,198810000.0
OXLC,
OXLCN,454050000.0
OXLCO,446380000.0
OXGN,14640000.0
PFIN,30740000.0
PTSI,126000000.0
PACE,127540000.0
PACEU,130730000.0
PACB,840300000.0
PCBK,324160000.0
PEIX,200790000.0
PMBC,171700000.0
PPBI,646830000.0
PAAC,24010000.0
PAACU,
PSUN,
PCRX,1630000000.0
PACW,4790000000.0
PTIE,102890000.0
PAAS,2220000000.0
PNRA,5090000000.0
PANL,87600000.0
PZZA,2270000000.0
FRSH,130630000.0
PRGN,1000000.0
PRGNL,
PRTK,250130000.0
PRXL,3150000000.0
PCYG,178750000.0
PSTB,385620000.0
PKBK,88340000.0
PRKR,30510000.0
PKOH,336830000.0
PARN,20850000.0
PTNR,811420000.0
PBHC,48430000.0
PATK,778570000.0
PNBK,53120000.0
PATI,67680000.0
PEGI,1560000000.0
PDCO,4370000000.0
PTEN,2540000000.0
PCTY,1820000000.0
PYDS,18930000.0
PBBI,54620000.0
PCCC,606320000.0
PCMI,116470000.0
PCTI,71020000.0
PDCE,2810000000.0
PDFS,410130000.0
PDLI,523410000.0
PDVW,471030000.0
SKIS,44040000.0
PGC,288540000.0
PEGA,1950000000.0
PCO,146040000.0
PENN,1180000000.0
PFLT,
PNNT,
PWOD,192780000.0
PTXP,590030000.0
PEBO,383890000.0
PEBK,105570000.0
PFBX,54100000.0
PFIS,269440000.0
PBCT,4680000000.0
PUB,296160000.0
PRCP,45320000.0
PPHM,91180000.0
PPHMP,2530000000.0
PRFT,730750000.0
PFMT,80990000.0
PERF,40280000.0
PERI,99020000.0
PESI,46920000.0
PTX,25240000.0
PERY,285140000.0
PGLC,108120000.0
PETS,377040000.0
PFSW,230900000.0
PGTI,503380000.0
PHII,251620000.0
PHIIK,261180000.0
PAHC,729030000.0
PHMD,5850000.0
PLAB,623000000.0
PICO,204340000.0
PIRS,69310000.0
PPC,6360000000.0
PME,98030000.0
PNK,
PNFP,2020000000.0
PPSI,50980000.0
PXLW,48090000.0
PLPM,221360000.0
PLXS,1410000000.0
PLUG,302850000.0
PLBC,45690000.0
PSTI,119440000.0
PMV,
PBSK,59680000.0
PNTR,49740000.0
PCOM,139310000.0
PLCM,1500000000.0
POOL,3710000000.0
POPE,273280000.0
PLKI,1170000000.0
BPOP,3180000000.0
BPOPM,
BPOPN,
PBIB,48670000.0
PTLA,1470000000.0
PBPB,324720000.0
PCH,1390000000.0
POWL,382920000.0
POWI,1380000000.0
PSIX,151980000.0
PDBC,
DWIN,
DWTR,
IDLB,
PRFZ,
PAGG,
PSAU,
IPKW,
LDRI,
LALT,
PNQI,
QQQ,
USLB,
PSCD,
PSCC,
PSCE,
PSCF,
PSCH,
PSCI,
PSCT,
PSCM,
PSCU,
PRAA,1220000000.0
PRAH,2780000000.0
PRAN,5460000.0
PFBC,439900000.0
PLPC,210930000.0
PFBI,160290000.0
PINC,1420000000.0
LENS,65220000.0
PRGX,103430000.0
PSMT,2590000000.0
PBMD,69300000.0
PNRG,128460000.0
PRMW,304170000.0
PRIM,1110000000.0
PSET,
PY,
PRZM,2320000.0
PVTB,3300000000.0
PVTBP,
PDEX,16260000.0
IPDN,7020000.0
PFIE,51660000.0
PGNX,335740000.0
PRGS,1290000000.0
DNAI,175610000.0
PFPT,2280000000.0
PRPH,22890000.0
PRQR,86140000.0
BIB,
UBIO,
TQQQ,
ZBIO,
SQQQ,
BIS,
PSEC,2650000000.0
PRTO,118610000.0
PTI,206890000.0
PRTA,1460000000.0
PWX,79790000.0
PVBC,127670000.0
PROV,148950000.0
PBIP,109490000.0
PSDV,97730000.0
PMD,72000000.0
PTC,4090000000.0
PTCT,271350000.0
PULB,
PULM,36840000.0
PCYO,106890000.0
PXS,42220000.0
QADA,361040000.0
QADB,296730000.0
QCRH,303610000.0
QGEN,5000000000.0
QIWI,746190000.0
QKLS,746190000.0
QLIK,2910000000.0
QLGC,1100000000.0
QLTI,76070000.0
QRVO,6560000000.0
QSII,809170000.0
QBAK,5270000.0
QLYS,1020000000.0
QRHC,45690000.0
QUIK,67690000.0
QDEL,519250000.0
QPAC,101880000.0
QNST,151240000.0
QUMU,33980000.0
QUNR,4740000000.0
QTNT,125070000.0
RRD,3280000000.0
RADA,6640000.0
RDCM,98730000.0
ROIA,109990000.0
ROIAK,109510000.0
RSYS,153870000.0
RDUS,1450000000.0
RDNT,239660000.0
RDWR,474920000.0
RMBS,1280000000.0
RAND,25380000.0
RLOG,15000000.0
GOLD,8350000000.0
RPD,485620000.0
RPTP,443590000.0
RAVE,43350000.0
RAVN,646130000.0
ROLL,1680000000.0
RICK,108280000.0
RCMT,65250000.0
RLOC,49620000.0
RDI,304040000.0
RDIB,297280000.0
RGSE,4020000.0
RELY,196620000.0
RNWK,153600000.0
RP,1700000000.0
UTES,
DAX,
QYLD,
RCON,6910000.0
REPH,59840000.0
RRGB,660620000.0
RDHL,142150000.0
REDF,
RGNX,317370000.0
DFVL,
DFVS,
DGLD,
DLBL,
DLBS,
DSLV,
DTUL,
DTUS,
DTYL,
DTYS,
FLAT,
SLVO,
STPP,
TAPR,
TVIX,
TVIZ,
UGLD,
USLV,
VIIX,
VIIZ,
XIV,
ZIV,
RGLS,292930000.0
REIS,264570000.0
RELV,8010000.0
RLYP,669420000.0
MARK,95390000.0
RNST,1410000000.0
REGI,418800000.0
RNVA,9310000.0
RCII,660450000.0
RTK,55760000.0
RGEN,820260000.0
RPRX,50340000.0
RBCAA,575280000.0
FRBK,169760000.0
REFR,94250000.0
RESN,30370000.0
REXI,123110000.0
RECN,552870000.0
ROIC,2010000000.0
SALE,346000000.0
RTRX,614690000.0
RVNC,522070000.0
RVLT,113220000.0
RWLK,110350000.0
REXX,38180000.0
RFIL,20150000.0
RGCO,109640000.0
RIBT,15520000.0
RIBTW,
RELL,66660000.0
RIGL,229440000.0
NAME,172800000.0
RNET,230520000.0
RITT,4230000.0
RTTR,13730000.0
RMI,
RVSB,105340000.0
RLJE,7460000.0
RMGN,36510000.0
ROBO,
FUEL,110520000.0
RMTI,500830000.0
RCKY,82770000.0
RMCF,58160000.0
RSTI,907930000.0
ROKA,10370000.0
ROSG,22310000.0
ROVI,1340000000.0
RBPAA,88110000.0
RGLD,3620000000.0
RPXC,470530000.0
RRM,227430000.0
RTIX,216630000.0
RBCN,18170000.0
RUSHA,825540000.0
RUSHB,799160000.0
RUTH,541450000.0
RXII,14570000.0
RYAAY,20940000000.0
STBA,880200000.0
SANW,71720000.0
SBRA,1290000000.0
SBRAP,1710000000.0
SABR,7720000000.0
SAEX,8730000.0
SAFT,899930000.0
SAGE,1000000000.0
SGNT,389790000.0
SAIA,629550000.0
SAJA,22000000.0
SALM,168630000.0
SAL,84650000.0
SAFM,1980000000.0
SASR,670100000.0
SGMO,441980000.0
SANM,1880000000.0
GCVRZ,
SPNS,536520000.0
SRPT,876570000.0
SBFG,52860000.0
SBFGP,55710000.0
SCSC,990080000.0
SMIT,6440000.0
SCHN,430860000.0
SCHL,1290000000.0
SCLN,625860000.0
SGMS,716380000.0
SQI,369570000.0
SNI,8010000000.0
SCYX,42550000.0
SEAC,113380000.0
SBCF,581960000.0
SHIP,49390000.0
SRSC,331100000.0
SHLD,1280000000.0
SHOS,129720000.0
SPNE,114800000.0
SGEN,5440000000.0
EYES,131900000.0
SEIC,8090000000.0
SLCT,93830000.0
SCSS,1030000000.0
SIGI,2060000000.0
LEDS,4360000.0
SMLR,8450000.0
SMTC,1380000000.0
SENEA,298660000.0
SENEB,325810000.0
SNMX,100260000.0
SQNM,125180000.0
SQBG,423110000.0
MCRB,1140000000.0
SREV,315040000.0
SFBS,1300000000.0
SEV,39070000.0
SVBI,58410000.0
SGOC,15990000.0
SMED,65330000.0
SHSP,29950000.0
SHEN,1440000000.0
SHLO,91040000.0
SCCI,
SHPG,36630000000.0
SCVL,421290000.0
SHBI,146420000.0
SHOR,416960000.0
SFLY,1570000000.0
SIFI,164320000.0
SIEB,26280000.0
SIEN,108070000.0
BSRR,226790000.0
SWIR,606920000.0
SIFY,
SIGM,255060000.0
SGMA,23450000.0
SGNL,5320000.0
SBNY,7200000000.0
SBNYW,
SLGN,2980000000.0
SILC,188460000.0
SGI,170500000.0
SLAB,1960000000.0
SIMO,1480000000.0
SPIL,4410000000.0
SRAQU,414000000.0
SSRI,783260000.0
SAMG,96400000.0
SFNC,1400000000.0
SLP,129590000.0
SINA,3180000000.0
SBGI,2880000000.0
SINO,5940000.0
SVA,341440000.0
SITO,48550000.0
SZMK,73380000.0
SKUL,102480000.0
SKYS,138950000.0
SKLN,7040000.0
MOBI,50810000.0
SPU,6330000.0
SKYW,1220000000.0
ISM,
JSM,
OSM,
SLM,2670000000.0
SLMAP,20220000000.0
SLMBP,21010000000.0
SMT,58080000.0
SMBK,93130000.0
SWHC,1280000000.0
SMSI,31010000.0
SMTX,24270000.0
LNCE,2870000000.0
SODA,402380000.0
SOHU,1530000000.0
SLRC,
SUNS,
SCTY,2160000000.0
SEDG,790570000.0
SZYM,
SONC,1430000000.0
SOFO,26440000.0
SONS,437890000.0
SPHS,17280000.0
SORL,33010000.0
SRNE,246900000.0
SOHO,75190000.0
SOHOL,
SFBC,58460000.0
SSB,1690000000.0
SOCB,97950000.0
SFST,162060000.0
SMBC,182950000.0
SONA,147220000.0
SBSI,739080000.0
OKSB,309200000.0
SP,486890000.0
SPAN,46920000.0
SBSA,24780000.0
SGRP,20560000.0
SPKE,175290000.0
ONCE,1390000000.0
SPAR,209750000.0
SPTN,1040000000.0
SPPI,476890000.0
ANY,49980000.0
SPEX,6130000.0
SPI,396220000.0
SAVE,3010000000.0
SPLK,7000000000.0
SPOK,334610000.0
SPWH,415330000.0
FUND,
SFM,3730000000.0
SPSC,902230000.0
SSNC,5920000000.0
STAA,214590000.0
STAF,10990000.0
STMP,1420000000.0
STLY,36450000.0
SPLS,5230000000.0
SBLK,166520000.0
SBLKL,2320000000.0
STRZA,2600000000.0
STRZB,2710000000.0
STFC,857210000.0
STBZ,760460000.0
SNC,457360000.0
STDY,38450000.0
GASS,193530000.0
STLD,5710000000.0
SMRT,297260000.0
SBOT,27200000.0
STEM,34410000.0
STML,112750000.0
STXS,25890000.0
SRCLP,6700000000.0
STRL,88560000.0
SHOO,2040000000.0
SSFN,35030000.0
SYBT,622630000.0
BANX,
SGBK,395430000.0
SSKN,7140000.0
SSYS,1050000000.0
STRT,170050000.0
STRS,184580000.0
STRA,485960000.0
STRM,20910000.0
SBBP,88640000.0
STB,459650000.0
SCMP,494080000.0
SUMR,28010000.0
SMMF,197280000.0
SSBI,67100000.0
SMMT,101700000.0
SNBC,394570000.0
SNHY,777050000.0
SEMI,212880000.0
SNSS,41320000.0
STKL,320660000.0
SPWR,2200000000.0
RUN,622990000.0
SBCP,73050000.0
SSH,14250000.0
SUNW,40710000.0
SMCI,1220000000.0
SPCB,52500000.0
SCON,7760000.0
SGC,261000000.0
SUPN,888100000.0
SPRT,42870000.0
SGRY,698360000.0
SCAI,1750000000.0
SRDX,285660000.0
SBBX,61520000.0
SIVB,5320000000.0
SIVBO,
SYKE,1220000000.0
SSRG,139940000.0
SYNC,88870000.0
SYNL,63560000.0
SYNA,2380000000.0
SNCR,1530000000.0
SNDX,1130000.0
SGYP,586070000.0
SGYPU,
SGYPW,
ELOS,244710000.0
SNPS,7560000000.0
SNTA,50190000.0
SYNT,3620000000.0
SYMX,76530000.0
SYUT,233030000.0
SYPR,19310000.0
SYRX,10500000.0
TROW,18590000000.0
TTOO,205930000.0
TAIT,5530000.0
TTWO,3030000000.0
TLMR,1300000000.0
TNDM,208810000.0
TLF,65370000.0
TNGO,304010000.0
TANH,75310000.0
TEDU,562540000.0
TASR,1140000000.0
TATT,60270000.0
TAYD,55540000.0
TCPC,
AMTD,16280000000.0
TEAR,24290000.0
TECD,2320000000.0
TCCO,4730000.0
TTGT,256440000.0
TGLS,290420000.0
TGEN,84630000.0
TNAV,199140000.0
TTEC,1270000000.0
TLGT,297660000.0
TENX,75640000.0
GLBL,334960000.0
TERP,1160000000.0
TRTL,64990000.0
TRTLU,
TBNK,234720000.0
TSRO,1980000000.0
TESO,295330000.0
TESS,116060000.0
TSRA,1500000000.0
TTEK,1660000000.0
TLOG,6090000.0
TTPH,146420000.0
TCBI,2160000000.0
TCBIL,1170000000.0
TCBIP,1170000000.0
TCBIW,
TXRH,3090000000.0
TFSL,5080000000.0
TGTX,415310000.0
ABCO,1330000000.0
ANDE,961580000.0
TBBK,224800000.0
BONT,33670000.0
CG,1320000000.0
CAKE,2280000000.0
CHEF,398210000.0
TCFC,99320000.0
DSGX,1450000000.0
DXYN,51480000.0
ENSG,1000000000.0
XONE,151190000.0
FINL,742740000.0
FBMS,88050000.0
FLIC,420340000.0
TFM,
GT,7230000000.0
HABT,274860000.0
HCKT,416240000.0
HAIN,5040000000.0
CUBA,
INTG,77090000.0
JYNT,36240000.0
KEYW,320710000.0
MDCO,2530000000.0
MIK,5890000000.0
MIDD,6870000000.0
NAVG,1270000000.0
STKS,61220000.0
PRSC,719820000.0
BITE,
RMR,468200000.0
SPNC,711300000.0
ULTI,5700000000.0
YORW,350360000.0
NCTY,46220000.0
TBPH,975690000.0
TST,38760000.0
TCRD,
THLD,27820000.0
TICC,272320000.0
TTS,908340000.0
TIL,10390000.0
TSBK,100020000.0
TIPT,194040000.0
TITN,229180000.0
TTNP,127330000.0
TIVO,971780000.0
TMUSP,58840000000.0
TBRA,155410000.0
TKAI,155840000.0
TNXP,43970000.0
TISA,32080000.0
TOPS,8700000.0
TRCH,24950000.0
TSEM,993120000.0
TWER,17420000.0
CLUB,78970000.0
TOWN,1080000000.0
TCON,79320000.0
TWMC,116730000.0
TACT,55600000.0
TRNS,65700000.0
TBIO,10760000.0
TGA,126360000.0
TTHI,30990000.0
TZOO,112300000.0
TRVN,357910000.0
TCBK,615420000.0
TRIL,77670000.0
TRS,749250000.0
TRMB,5950000000.0
TRIB,261980000.0
TSC,365690000.0
TBK,279450000.0
TROV,147210000.0
TROVU,
TROVW,
TRUE,604000000.0
THST,6500000.0
TRST,614030000.0
TRMK,1660000000.0
TSRI,7620000.0
TTMI,700150000.0
TUBE,441620000.0
TCX,252580000.0
TUES,285890000.0
TOUR,839100000.0
HEAR,52180000.0
TUTI,
TUTT,
TWIN,102600000.0
TRCB,81160000.0
USCR,911530000.0
PRTS,113740000.0
USEG,9990000.0
GROW,26140000.0
UREE,1440000.0
UBIC,334980000.0
UBNT,3140000000.0
UFPT,151110000.0
UCTT,177050000.0
RARE,2500000000.0
ULBI,58400000.0
ULTR,39900000.0
UTEK,553940000.0
UMBF,2780000000.0
UMPQ,3380000000.0
UNAM,61670000.0
UNIS,45910000.0
UBSH,1150000000.0
UNB,133700000.0
UNXL,76770000.0
QURE,298570000.0
UBCP,46880000.0
UBOH,59350000.0
UBSI,2690000000.0
UCBA,57410000.0
UCBI,1400000000.0
UCFC,284210000.0
UDF,98150000.0
UBNK,646540000.0
UFCS,1050000000.0
UIHC,385820000.0
UNFI,1790000000.0
UNTD,162570000.0
UBFO,86680000.0
USBI,52290000.0
USLM,287490000.0
UTHR,5070000000.0
UG,78280000.0
UNTY,99500000.0
OLED,2640000000.0
UEIC,908490000.0
UFPI,1650000000.0
USAP,82610000.0
UACL,
UVSP,384470000.0
UPIP,52720000.0
UPLD,124220000.0
URRE,7890000.0
URBN,3340000000.0
ECOL,961570000.0
USAT,150240000.0
USATP,
USAK,169920000.0
USMD,211710000.0
UTMD,244270000.0
UTSI,72920000.0
VALX,
VALU,171490000.0
VNDA,414050000.0
VWOB,
VNQI,
VGIT,
VCIT,
VIGI,
VYMI,
VCLT,
VGLT,
VMBS,
VNR,197080000.0
VNRAP,428320000.0
VNRBP,361380000.0
VNRCP,225370000.0
VONE,
VONG,
VONV,
VTWO,
VTWG,
VTWV,
VTHR,
VCSH,
VGSH,
VTIP,
BNDX,
VXUS,
VRNS,603660000.0
VDSI,632900000.0
VBLT,72600000.0
VASC,664090000.0
VBIV,76600000.0
WOOF,5220000000.0
VECO,674940000.0
APPY,14180000.0
VRA,548900000.0
VCYT,146530000.0
VSTM,52900000.0
VCEL,66340000.0
VRNT,2020000000.0
VRSN,9020000000.0
VBTX,169960000.0
VRML,64100000.0
VSAR,238660000.0
VTNR,38690000.0
VRTB,4960000.0
VIA,16710000000.0
VSAT,3620000000.0
VIAV,1440000000.0
VICL,33220000.0
VICR,377860000.0
CIZ,
CEZ,
CID,
CIL,
CFO,
CFA,
CSF,
CDC,
CDL,
CSB,
CSA,
VBND,
VUSE,
VIDI,
VDTH,878720000.0
VRAY,173880000.0
VKTX,12390000.0
VBFC,32750000.0
VLGEA,367700000.0
VIP,5980000000.0
VNOM,1470000000.0
VIRC,57140000.0
VA,2460000000.0
VIRT,665290000.0
VSCP,
VRTS,654590000.0
VRTU,953910000.0
VISN,42180000.0
VTAE,229000000.0
VTL,256200000.0
VVUS,120740000.0
VLTC,30310000.0
VOXX,74410000.0
VYGR,316440000.0
VRNG,
VSEC,352340000.0
VTVT,49270000.0
VUZI,83890000.0
VWR,3630000000.0
WGBS,15920000.0
WRES,9040000.0
WAFD,2220000000.0
WAFDW,
WASH,635520000.0
WFBI,269610000.0
WSBF,385600000.0
WVE,337060000.0
WAYN,33380000.0
WSTG,76470000.0
WDFC,1550000000.0
FLAG,
WEB,829500000.0
WBMD,2440000000.0
WB,4770000000.0
WEBK,45970000.0
WEN,2710000000.0
WERN,1700000000.0
WSBC,1230000000.0
WTBA,293600000.0
WSTC,1690000000.0
WMAR,227170000.0
WABC,1200000000.0
WBB,75350000.0
WSTL,55950000.0
WFD,133240000.0
WLB,141810000.0
WPRT,123850000.0
WEYS,285360000.0
WHLR,97610000.0
WHLRP,1380000000.0
WHLRW,
WHF,
WHFBL,
WILN,318830000.0
WHLM,41050000.0
WVVI,36110000.0
WLDN,83630000.0
WLFC,180660000.0
WLTW,17380000000.0
WIBC,869790000.0
WIN,769520000.0
WING,739930000.0
WINA,379810000.0
WINS,267350000.0
WTFC,2500000000.0
WTFCM,1370000000.0
WTFCW,
AGND,
AGZD,
HYND,
HYZD,
CXSE,
EMCG,
EMCB,
DGRE,
DXGE,
WETF,1460000000.0
DXJS,
JGBB,
DXKW,
GULF,
CRDT,
DGRW,
DGRS,
DXPS,
UBND,
WIX,1060000000.0
WLRH,149580000.0
WLRHU,
WMIH,468000000.0
WBKC,54430000.0
WWD,3370000000.0
WKHS,155700000.0
WRLD,362750000.0
WOWO,292780000.0
WPCS,3380000.0
WPPGY,29310000000.0
WMGI,1960000000.0
WMGIZ,
WSFS,1020000000.0
WSFSL,788310000.0
WSCI,8610000.0
WVFC,22500000.0
WYNN,9020000000.0
XBIT,432840000.0
XELB,92980000.0
XCRA,321640000.0
XNCR,530910000.0
XBKS,98470000.0
XENE,95640000.0
XNPT,279510000.0
XGTI,2320000.0
XGTIW,
XOMA,81840000.0
XPLR,34910000.0
XCOM,29090000.0
XTLB,13270000.0
XNET,404240000.0
MESG,524560000.0
YNDX,6140000000.0
YOD,45310000.0
YCB,205520000.0
YRCW,286000000.0
YECO,44270000.0
YY,2460000000.0
ZFGN,180000000.0
ZAGG,153510000.0
ZAIS,27800000.0
ZBRA,2610000000.0
ZLTQ,995840000.0
ZHNE,38470000.0
Z,4970000000.0
ZG,5060000000.0
ZN,58710000.0
ZION,5560000000.0
ZIONW,
ZIOP,918020000.0
ZIXI,209550000.0
ZGNX,232850000.0
ZSAN,21540000.0
ZUMZ,380280000.0
ZYNE,66600000.0
ZNGA,2230000000.0
